{"test_recall":0,"_timestamp":1.7505835284125555e+09,"test_f1":0,"test_auc":0.5,"test_accuracy":0.6737451737451737,"validation_recall":0,"_step":1,"validation_f1":0,"_runtime":536.755423894,"validation_precision":0,"_wandb":{"runtime":536},"validation_auc":0.5,"validation_accuracy":0.6718146718146718,"test_precision":0}