{"_timestamp":1.750769614407952e+09,"train/loss":0.4665,"train/learning_rate":3.378378378378379e-07,"eval/recall":0.6568047337278107,"eval/f1":0.7161290322580646,"eval_samples_per_second":42.149,"eval_loss":0.658547580242157,"eval/loss":0.658547580242157,"train/epoch":10,"train_samples_per_second":24.645,"eval_f1":0.7161290322580646,"train_steps_per_second":6.164,"_runtime":1696.982021354,"_wandb":{"runtime":1697},"eval_steps_per_second":10.578,"train_loss":0.4392867714281708,"eval/steps_per_second":10.578,"train/global_step":10360,"_step":105,"total_flos":0,"eval_runtime":12.2897,"eval_auc":0.8884640816534136,"epoch":10,"eval_accuracy":0.8301158301158301,"eval/precision":0.7872340425531915,"train/grad_norm":1.6026790142059326,"eval/runtime":12.2897,"eval/auc":0.8884640816534136,"train_runtime":1680.6883,"eval_recall":0.6568047337278107,"eval/accuracy":0.8301158301158301,"eval_precision":0.7872340425531915,"eval/samples_per_second":42.149}