{"_timestamp":1.7505418451642392e+09,"test_f1":0,"_wandb":{"runtime":147},"validation_accuracy":0.6718146718146718,"validation_f1":0,"test_accuracy":0.6737451737451737,"validation_recall":0,"_step":1,"test_recall":0,"_runtime":147.374344802,"validation_precision":0,"test_precision":0}