{"eval/f1":0.7161290322580646,"eval_recall":0.6568047337278107,"train/epoch":10,"eval_f1":0.7161290322580646,"train/loss":0.4665,"eval/recall":0.6568047337278107,"train/global_step":10360,"eval_accuracy":0.8301158301158301,"eval/runtime":12.2895,"eval/samples_per_second":42.15,"train/grad_norm":1.6124671697616577,"eval/precision":0.7872340425531915,"eval_precision":0.7872340425531915,"train/learning_rate":3.378378378378379e-07,"total_flos":0,"eval/accuracy":0.8301158301158301,"train_samples_per_second":24.628,"epoch":10,"eval/auc":0.8884386497346604,"train_runtime":1681.8245,"train_steps_per_second":6.16,"_wandb":{"runtime":1700},"_step":105,"_timestamp":1.750778132761084e+09,"eval_loss":0.6585779786109924,"eval_auc":0.8884386497346604,"eval/loss":0.6585779786109924,"eval/steps_per_second":10.578,"eval_samples_per_second":42.15,"eval_runtime":12.2895,"eval_steps_per_second":10.578,"_runtime":1697.945069819,"train_loss":0.43927450603499835}