{"_runtime":445.735184376,"_step":0,"_wandb":{"runtime":897},"validation_accuracy":0.3281853281853282,"_timestamp":1.750599515288017e+09}