{"eval/f1":0.7161290322580646,"eval_loss":0.6586534380912781,"_step":105,"train/grad_norm":1.6030796766281128,"eval_samples_per_second":41.627,"eval_runtime":12.444,"eval/loss":0.6586534380912781,"eval_precision":0.7872340425531915,"eval_accuracy":0.8301158301158301,"train/global_step":10360,"eval_recall":0.6568047337278107,"eval/accuracy":0.8301158301158301,"train/loss":0.4664,"_timestamp":1.7507650786564198e+09,"train/learning_rate":3.378378378378379e-07,"eval_auc":0.8884471270409116,"eval/steps_per_second":10.447,"train/epoch":10,"eval_f1":0.7161290322580646,"train_runtime":1708.9861,"eval/auc":0.8884471270409116,"train_samples_per_second":24.237,"eval/precision":0.7872340425531915,"eval/samples_per_second":41.627,"eval/recall":0.6568047337278107,"eval/runtime":12.444,"total_flos":0,"eval_steps_per_second":10.447,"epoch":10,"_runtime":1725.635036208,"_wandb":{"runtime":1725},"train_loss":0.4392670007285924,"train_steps_per_second":6.062}