{"validation_recall":0,"_wandb":{"runtime":727},"_runtime":727.836046292,"validation_auc":0.5,"validation_accuracy":0.6718146718146718,"validation_precision":0,"_timestamp":1.7505476594485576e+09,"test_auc":0.5,"test_accuracy":0.6737451737451737,"test_precision":0,"test_f1":0,"validation_f1":0,"test_recall":0,"_step":1}