{"train_runtime":1683.0241,"train/grad_norm":1.5999245643615723,"eval/samples_per_second":42.08,"eval/runtime":12.3099,"eval/precision":0.7872340425531915,"train_steps_per_second":6.156,"epoch":10,"eval_samples_per_second":42.08,"eval_recall":0.6568047337278107,"train/loss":0.4665,"_wandb":{"runtime":1701},"eval_precision":0.7872340425531915,"_step":105,"eval/steps_per_second":10.561,"eval_loss":0.6585260629653931,"eval/loss":0.6585260629653931,"eval_steps_per_second":10.561,"eval/f1":0.7161290322580646,"train/epoch":10,"_timestamp":1.7507759073486726e+09,"eval/auc":0.888472558959665,"eval/accuracy":0.8301158301158301,"eval_accuracy":0.8301158301158301,"eval_auc":0.888472558959665,"eval_runtime":12.3099,"_runtime":1699.244678625,"train/learning_rate":3.378378378378379e-07,"total_flos":0,"train_loss":0.43928721825588624,"eval/recall":0.6568047337278107,"train_samples_per_second":24.61,"train/global_step":10360,"eval_f1":0.7161290322580646}