{"_runtime":1696.194569541,"train_samples_per_second":24.648,"_step":105,"eval_recall":0.6686390532544378,"eval/samples_per_second":42.154,"eval_f1":0.7266881028938906,"eval/loss":0.6708391308784485,"train/global_step":10360,"_timestamp":1.7507798332594092e+09,"eval/f1":0.7266881028938906,"train/loss":0.4511,"eval/precision":0.795774647887324,"train_loss":0.43032770856466995,"eval_steps_per_second":10.579,"eval_auc":0.8891253115410048,"total_flos":0,"train/learning_rate":3.378378378378379e-07,"eval/recall":0.6686390532544378,"train/epoch":10,"eval/steps_per_second":10.579,"eval_accuracy":0.8359073359073359,"eval_loss":0.6708391308784485,"eval_runtime":12.2882,"train_steps_per_second":6.165,"eval/auc":0.8891253115410048,"eval/runtime":12.2882,"train/grad_norm":2.964529275894165,"eval_precision":0.795774647887324,"eval/accuracy":0.8359073359073359,"epoch":10,"train_runtime":1680.4682,"eval_samples_per_second":42.154,"_wandb":{"runtime":1698}}