{"validation_accuracy":0.3281853281853282,"_timestamp":1.7506023282446744e+09,"_runtime":724.260973386,"_step":0,"_wandb":{"runtime":1017}}