{"_wandb":{"runtime":533},"validation_f1":0,"test_accuracy":0.6737451737451737,"validation_accuracy":0.6718146718146718,"test_recall":0,"test_auc":0.5,"_runtime":533.840525083,"validation_recall":0,"_step":1,"validation_precision":0,"test_precision":0,"_timestamp":1.7505453123653371e+09,"validation_auc":0.5,"test_f1":0}