{"_runtime":280.502889095,"_timestamp":1.7507761924600608e+09,"train/grad_norm":18.910888671875,"train/learning_rate":4.1824324324324326e-05,"train/epoch":1.640926640926641,"train/loss":0.4279,"_step":16,"_wandb":{"runtime":282},"train/global_step":1700}