{"validation_accuracy":0.6718146718146718,"test_recall":0,"validation_auc":0.5,"test_precision":0,"validation_recall":0,"_timestamp":1.7505439127256916e+09,"test_f1":0,"test_auc":0.5,"_wandb":{"runtime":362},"validation_f1":0,"validation_precision":0,"test_accuracy":0.6737451737451737,"_runtime":362.006422628,"_step":1}