{"train_samples_per_second":24.604,"eval_accuracy":0.8359073359073359,"eval/loss":0.6709284782409668,"eval/f1":0.7266881028938906,"_step":105,"eval_auc":0.8891253115410048,"train_loss":0.4303357726358539,"eval_loss":0.6709284782409668,"train_steps_per_second":6.154,"train/loss":0.4512,"eval/recall":0.6686390532544378,"train/grad_norm":2.972249746322632,"train/epoch":10,"epoch":10,"train/global_step":10360,"train/learning_rate":3.378378378378379e-07,"eval/accuracy":0.8359073359073359,"total_flos":0,"eval_recall":0.6686390532544378,"eval_precision":0.795774647887324,"train_runtime":1683.4566,"eval/runtime":12.2718,"eval_steps_per_second":10.593,"eval_f1":0.7266881028938906,"eval/samples_per_second":42.211,"eval_samples_per_second":42.211,"_timestamp":1.7507866697194543e+09,"_wandb":{"runtime":1701},"eval/auc":0.8891253115410048,"_runtime":1699.136972437,"eval/steps_per_second":10.593,"eval_runtime":12.2718,"eval/precision":0.795774647887324}