{"eval_loss":0.6585320830345154,"eval/auc":0.8884810362659162,"eval/loss":0.6585320830345154,"_timestamp":1.7507609507888513e+09,"eval_precision":0.7872340425531915,"total_flos":0,"eval_accuracy":0.8301158301158301,"eval/samples_per_second":41.612,"eval/recall":0.6568047337278107,"eval_auc":0.8884810362659162,"train_samples_per_second":24.187,"eval_recall":0.6568047337278107,"train/grad_norm":1.6001791954040527,"eval/steps_per_second":10.443,"train_runtime":1712.4904,"train_loss":0.4392721089617166,"train/loss":0.4665,"train/global_step":10360,"eval/accuracy":0.8301158301158301,"eval_steps_per_second":10.443,"eval_samples_per_second":41.612,"_runtime":1729.063808459,"eval/f1":0.7161290322580646,"train_steps_per_second":6.05,"_step":105,"train/learning_rate":3.378378378378379e-07,"epoch":10,"eval/runtime":12.4484,"eval_runtime":12.4484,"train/epoch":10,"eval/precision":0.7872340425531915,"eval_f1":0.7161290322580646,"_wandb":{"runtime":1729}}