{"eval/precision":0.7887323943661971,"train_steps_per_second":6.144,"eval_auc":0.8884640816534138,"eval/loss":0.6707870364189148,"eval_precision":0.7887323943661971,"train_runtime":1686.1992,"train/epoch":10,"eval_runtime":12.2908,"train_loss":0.43077561036039963,"total_flos":0,"eval/accuracy":0.832046332046332,"_wandb":{"runtime":1704},"train_samples_per_second":24.564,"train/learning_rate":3.378378378378379e-07,"eval/recall":0.6627218934911243,"eval_samples_per_second":42.145,"train/grad_norm":3.378873825073242,"eval/samples_per_second":42.145,"eval_steps_per_second":10.577,"eval_accuracy":0.832046332046332,"eval_recall":0.6627218934911243,"eval/runtime":12.2908,"eval_f1":0.7202572347266881,"eval/auc":0.8884640816534138,"_timestamp":1.7507832512742913e+09,"eval/steps_per_second":10.577,"_runtime":1702.499138249,"eval/f1":0.7202572347266881,"eval_loss":0.6707870364189148,"train/global_step":10360,"train/loss":0.4528,"epoch":10,"_step":105}