{"_runtime":9004.991217847,"train/loss":1.0907,"train_loss":1.463204654808208,"_wandb":{"runtime":27866},"eval/loss":1.6970280408859253,"eval/steps_per_second":4.623,"train/learning_rate":1.7739628040057226e-06,"_timestamp":1.7477862986849947e+09,"eval/samples_per_second":4.623,"train/grad_norm":0.08040648698806763,"_step":28,"train_steps_per_second":1.552,"eval/runtime":112.0482,"train/global_step":13980,"train_runtime":9004.9562,"total_flos":4.162664798355456e+16,"train/epoch":3,"train_samples_per_second":1.552}