{"_runtime":597.969181428,"_step":15,"train/grad_norm":116.8280258178711,"train/global_step":1600,"train/learning_rate":4.6154031868662486e-05,"_wandb":{"runtime":627},"train/epoch":0.38628681796233705,"_timestamp":1.7505402098486543e+09,"train/loss":1.8783}