{"_wandb":{"runtime":835},"_step":1,"validation_accuracy":0.6718146718146718,"_timestamp":1.7505990326061301e+09,"_runtime":835.416959501,"test_accuracy":0.6737451737451737}