{"_step":1,"test_f1":0,"validation_auc":0.5,"_timestamp":1.7505492315415368e+09,"test_auc":0.5,"test_accuracy":0.6737451737451737,"test_precision":0,"_wandb":{"runtime":757},"validation_accuracy":0.6718146718146718,"_runtime":757.869877494,"validation_precision":0,"validation_recall":0,"test_recall":0,"validation_f1":0}