{"eval_steps_per_second":10.567,"train/learning_rate":3.378378378378379e-07,"eval/auc":0.8884556043471626,"eval/accuracy":0.8301158301158301,"total_flos":0,"train/grad_norm":1.597659707069397,"train/epoch":10,"eval/steps_per_second":10.567,"train/global_step":10360,"train_runtime":1685.9888,"eval_auc":0.8884556043471626,"eval/loss":0.6586722731590271,"train_steps_per_second":6.145,"eval/recall":0.6568047337278107,"eval_loss":0.6586722731590271,"_step":105,"eval/samples_per_second":42.107,"train_loss":0.43928036616115496,"eval_samples_per_second":42.107,"_runtime":1702.304423349,"eval/precision":0.7872340425531915,"train/loss":0.4665,"eval_f1":0.7161290322580646,"eval/f1":0.7161290322580646,"eval_accuracy":0.8301158301158301,"train_samples_per_second":24.567,"_timestamp":1.7507714386292663e+09,"_wandb":{"runtime":1703},"eval_precision":0.7872340425531915,"eval_runtime":12.3019,"epoch":10,"eval_recall":0.6568047337278107,"eval/runtime":12.3019}