{"validation_precision":0,"validation_recall":0,"validation_accuracy":0.6718146718146718,"validation_f1":0,"test_precision":0,"test_f1":0,"test_auc":0.5,"test_recall":0,"validation_auc":0.5,"_step":1,"_runtime":204.851119867,"_timestamp":1.7505422229531794e+09,"test_accuracy":0.6737451737451737,"_wandb":{"runtime":204}}