{"_wandb":{"runtime":290},"train/loss":0.4278,"_timestamp":1.750771723536142e+09,"train/learning_rate":4.1824324324324326e-05,"train/global_step":1700,"_runtime":279.972757755,"train/grad_norm":18.91122817993164,"train/epoch":1.640926640926641,"_step":16}