{"test_auc":0.5,"validation_recall":0,"validation_auc":0.5,"_runtime":158.464327427,"_step":1,"_wandb":{"runtime":158},"validation_precision":0,"validation_f1":0,"test_precision":0,"test_recall":0,"_timestamp":1.7505425464354155e+09,"test_f1":0,"test_accuracy":0.6737451737451737,"validation_accuracy":0.6718146718146718}