{"validation_precision":0,"validation_recall":0,"validation_f1":0,"_timestamp":1.7505419322360191e+09,"_runtime":83.096930367,"_step":0,"_wandb":{"runtime":151},"validation_accuracy":0.6718146718146718}