{"train/learning_rate":6.277160791887977e-08,"eval/steps_per_second":0.395,"train_steps_per_second":0.392,"train/loss":1.9312,"_timestamp":1.750506200771655e+09,"eval/runtime":1310.5489,"train_samples_per_second":0.392,"eval/recall":0,"train/epoch":5,"eval_samples_per_second":0.395,"total_flos":0,"epoch":5,"eval/precision":0,"train/global_step":20710,"eval_runtime":1310.5489,"eval_steps_per_second":0.395,"_step":209,"_wandb":{"runtime":54086},"eval/accuracy":0.6737451737451737,"train/grad_norm":0.02270355634391308,"train_loss":1.6231866320799309,"eval/samples_per_second":0.395,"_runtime":54086.810291096,"eval_accuracy":0.6737451737451737,"eval_recall":0,"eval/loss":1.7346044778823853,"eval/f1":0,"eval_loss":1.7346044778823853,"eval_precision":0,"eval_f1":0,"train_runtime":52769.9142}