{"_step":1,"validation_accuracy":0.6718146718146718,"_timestamp":1.7505981925469487e+09,"_runtime":763.55719465,"test_accuracy":0.6737451737451737,"_wandb":{"runtime":763}}