{"_runtime":85.511516482,"train/global_step":500,"_step":4,"train/learning_rate":4.761583011583012e-05,"_timestamp":1.7507697052586994e+09,"train/loss":0.4591,"_wandb":{"runtime":92},"train/grad_norm":1.4550821781158447,"train/epoch":0.4826254826254826}