{"test_auc":0.5,"test_precision":0,"validation_f1":0,"_wandb":{"runtime":529},"validation_accuracy":0.6718146718146718,"validation_auc":0.5,"_timestamp":1.750546379933419e+09,"_runtime":529.493234615,"_step":1,"test_f1":0,"test_accuracy":0.6737451737451737,"validation_precision":0,"test_recall":0,"validation_recall":0}