{"_wandb":{"runtime":1707},"_timestamp":1.750767427093988e+09,"train_samples_per_second":24.5,"eval/accuracy":0.8301158301158301,"train/loss":0.4666,"_runtime":1707.000833552,"train/global_step":10360,"eval/loss":0.6586529612541199,"eval/auc":0.8884386497346602,"eval_precision":0.7872340425531915,"train/learning_rate":3.378378378378379e-07,"eval/f1":0.7161290322580646,"eval/steps_per_second":10.589,"total_flos":0,"eval_samples_per_second":42.195,"eval_recall":0.6568047337278107,"epoch":10,"eval/samples_per_second":42.195,"eval/precision":0.7872340425531915,"eval_runtime":12.2765,"eval/recall":0.6568047337278107,"train_loss":0.439283291437451,"train_steps_per_second":6.128,"eval_f1":0.7161290322580646,"eval_steps_per_second":10.589,"_step":105,"eval_auc":0.8884386497346602,"eval_loss":0.6586529612541199,"eval_accuracy":0.8301158301158301,"eval/runtime":12.2765,"train/grad_norm":1.602710247039795,"train/epoch":10,"train_runtime":1690.644}