{"train/grad_norm":165.2584686279297,"train/learning_rate":4.645565092989986e-05,"train/global_step":1000,"_runtime":646.091970325,"train/loss":1.7191,"train/epoch":0.2145922746781116,"_step":1,"_wandb":{"runtime":965},"_timestamp":1.7477767709025843e+09}