{"validation_f1":0,"_wandb":{"runtime":198},"validation_auc":0.5,"test_accuracy":0.6737451737451737,"test_auc":0.5,"validation_accuracy":0.6718146718146718,"_runtime":198.553341008,"_step":1,"validation_recall":0,"test_precision":0,"test_recall":0,"validation_precision":0,"test_f1":0,"_timestamp":1.7505429699153202e+09}