{"eval_runtime":12.3315,"eval_auc":0.8821484884962953,"train_runtime":1689.2238,"eval/f1":0.6753246753246753,"train_steps_per_second":6.133,"train/global_step":10360,"eval_f1":0.6753246753246753,"eval/recall":0.6153846153846154,"eval_samples_per_second":42.006,"eval/runtime":12.3315,"_step":105,"_runtime":1705.71271723,"train_loss":0.4534436943908456,"train/grad_norm":0.16766934096813202,"_wandb":{"runtime":1707},"eval_loss":0.7219352126121521,"eval_recall":0.6153846153846154,"eval/loss":0.7219352126121521,"eval/steps_per_second":10.542,"eval/auc":0.8821484884962953,"eval_precision":0.7482014388489209,"train_samples_per_second":24.52,"train/learning_rate":3.378378378378379e-07,"eval/accuracy":0.806949806949807,"epoch":10,"eval/samples_per_second":42.006,"eval_accuracy":0.806949806949807,"eval_steps_per_second":10.542,"total_flos":0,"train/loss":0.5085,"_timestamp":1.7507815443726e+09,"train/epoch":10,"eval/precision":0.7482014388489209}