{"train/epoch":10,"eval/precision":0.7872340425531915,"eval_f1":0.7161290322580646,"_wandb":{"runtime":1720},"eval_accuracy":0.8301158301158301,"eval_precision":0.7872340425531915,"train_steps_per_second":6.082,"train_runtime":1703.4284,"epoch":10,"eval_recall":0.6568047337278107,"eval_samples_per_second":41.574,"train/learning_rate":3.378378378378379e-07,"_runtime":1720.066751891,"_step":105,"eval_steps_per_second":10.434,"eval/runtime":12.4598,"train/grad_norm":1.5988215208053589,"train_loss":0.4392654750337932,"eval/auc":0.8884471270409114,"total_flos":0,"_timestamp":1.7507632450861096e+09,"train/loss":0.4666,"eval/recall":0.6568047337278107,"eval_auc":0.8884471270409114,"eval/steps_per_second":10.434,"eval_loss":0.6586021184921265,"eval/loss":0.6586021184921265,"eval/samples_per_second":41.574,"eval/f1":0.7161290322580646,"eval_runtime":12.4598,"eval/accuracy":0.8301158301158301,"train_samples_per_second":24.316,"train/global_step":10360}