{"_runtime":703.681241738,"train/learning_rate":2.9280888030888032e-05,"train/epoch":4.1505791505791505,"train/global_step":4300,"train/grad_norm":19.95553207397461,"_wandb":{"runtime":714},"_step":42,"train/loss":0.4375,"_timestamp":1.7507741712181513e+09}