{"_step":83,"train/learning_rate":2.9744084983099952e-05,"train/global_step":8400,"_wandb":{"runtime":22798},"train/loss":1.7442,"_runtime":22607.892555663,"train/grad_norm":0.06497391313314438,"train/epoch":2.0280057943022696,"_timestamp":1.750397278468788e+09}