{"eval_accuracy":0.8301158301158301,"eval_f1":0.7161290322580646,"train/grad_norm":1.6088265180587769,"train_runtime":1684.1679,"train/global_step":10360,"eval/runtime":12.3196,"eval_auc":0.888421695122158,"eval/recall":0.6568047337278107,"_runtime":1700.37432309,"train/loss":0.4665,"train_steps_per_second":6.151,"total_flos":0,"eval_steps_per_second":10.552,"eval/auc":0.888421695122158,"eval/steps_per_second":10.552,"eval/accuracy":0.8301158301158301,"eval/precision":0.7872340425531915,"eval/f1":0.7161290322580646,"eval/loss":0.6586856245994568,"train_samples_per_second":24.594,"_wandb":{"runtime":1702},"epoch":10,"_timestamp":1.7507734590939438e+09,"eval_precision":0.7872340425531915,"eval_recall":0.6568047337278107,"eval/samples_per_second":42.047,"eval_runtime":12.3196,"train/learning_rate":3.378378378378379e-07,"train/epoch":10,"_step":105,"eval_samples_per_second":42.047,"eval_loss":0.6586856245994568,"train_loss":0.43927635373295965}