{"_runtime":545.580223538,"validation_precision":0,"test_recall":0,"validation_auc":0.5,"test_auc":0.5,"test_precision":0,"_timestamp":1.750584612853973e+09,"test_f1":0,"test_accuracy":0.6737451737451737,"_wandb":{"runtime":545},"validation_recall":0,"validation_f1":0,"_step":1,"validation_accuracy":0.6718146718146718}