{"_wandb":{"runtime":45399},"train_steps_per_second":0.916,"eval/loss":2.7814781665802,"eval/accuracy":0.7413127413127413,"total_flos":2.4666319878094848e+17,"eval/runtime":183.2658,"eval/precision":0.6190476190476191,"eval/recall":0.5384615384615384,"eval/steps_per_second":2.826,"_runtime":45399.145333065,"eval_accuracy":0.7413127413127413,"train/epoch":10,"eval_f1":0.5759493670886076,"eval_steps_per_second":2.826,"train_samples_per_second":0.916,"train/loss":0.0001,"eval_recall":0.5384615384615384,"_step":416,"eval_samples_per_second":2.826,"train/global_step":41420,"eval_loss":2.7814781665802,"eval_precision":0.6190476190476191,"eval_runtime":183.2658,"train/learning_rate":5.311443746982135e-08,"train/grad_norm":0.0008095254306681454,"train_loss":0.5782374971589853,"_timestamp":1.7481348100535965e+09,"epoch":10,"train_runtime":45213.2486,"eval/samples_per_second":2.826,"eval/f1":0.5759493670886076}