{"validation_recall":0,"validation_auc":0.5,"_timestamp":1.7505469100042472e+09,"test_accuracy":0.6737451737451737,"test_recall":0,"_step":1,"_wandb":{"runtime":526},"validation_accuracy":0.6718146718146718,"validation_f1":0,"test_auc":0.5,"test_precision":0,"validation_precision":0,"_runtime":526.953935678,"test_f1":0}