{"total_flos":0,"eval/runtime":12.3144,"_runtime":1706.129031136,"eval/auc":0.8823943303775791,"eval/f1":0.6885245901639344,"_timestamp":1.7507849659951956e+09,"train_runtime":1690.0718,"eval/recall":0.621301775147929,"eval/precision":0.7720588235294118,"eval/accuracy":0.8166023166023166,"eval_f1":0.6885245901639344,"eval_runtime":12.3144,"eval/loss":0.7361297011375427,"eval_samples_per_second":42.065,"train/global_step":10360,"eval_recall":0.621301775147929,"eval/samples_per_second":42.065,"_wandb":{"runtime":1708},"eval_auc":0.8823943303775791,"train_loss":0.45313823526890584,"epoch":10,"eval_precision":0.7720588235294118,"train/loss":0.5102,"eval_steps_per_second":10.557,"train/epoch":10,"train/learning_rate":3.378378378378379e-07,"eval_loss":0.7361297011375427,"eval_accuracy":0.8166023166023166,"train_samples_per_second":24.508,"train/grad_norm":0.1921202689409256,"_step":105,"train_steps_per_second":6.13,"eval/steps_per_second":10.557}