{"test_auc":0.5,"_wandb":{"runtime":293},"validation_accuracy":0.6718146718146718,"validation_recall":0,"_runtime":293.875928644,"test_recall":0,"test_precision":0,"_step":1,"validation_f1":0,"_timestamp":1.7505435466238494e+09,"validation_auc":0.5,"test_accuracy":0.6737451737451737,"validation_precision":0,"test_f1":0}