{"_runtime":457.590617223,"_step":27,"train/epoch":2.7027027027027026,"train/global_step":2800,"train/learning_rate":3.652027027027027e-05,"train/loss":0.4247,"train/grad_norm":13.648876190185547,"_timestamp":1.7507678897521389e+09,"_wandb":{"runtime":460}}