{"_step":0,"validation_accuracy":0.3281853281853282,"_timestamp":1.7506034603180094e+09,"_runtime":823.105202329,"_wandb":{"runtime":1214}}