{"eval/accuracy":0.6737451737451737,"eval/runtime":1310.5859,"train_loss":1.6222767979554196,"train_runtime":52775.0686,"eval_recall":0,"train/loss":1.901,"eval/samples_per_second":0.395,"train/epoch":5,"train_samples_per_second":0.392,"_runtime":54091.754321607,"total_flos":0,"eval_f1":0,"train_steps_per_second":0.392,"eval_loss":1.79841148853302,"_step":209,"eval_accuracy":0.6737451737451737,"eval/precision":0,"train/global_step":20710,"eval_samples_per_second":0.395,"eval/recall":0,"eval/f1":0,"eval_precision":0,"eval/steps_per_second":0.395,"epoch":5,"_wandb":{"runtime":54091},"train/learning_rate":6.277160791887977e-08,"train/grad_norm":0.048418980091810226,"eval/loss":1.79841148853302,"eval_runtime":1310.5859,"eval_steps_per_second":0.395,"_timestamp":1.7504521016575928e+09}