{"total_flos":0,"train/learning_rate":6.277160791887977e-08,"eval_samples_per_second":0.914,"_step":209,"train_samples_per_second":3.005,"eval/f1":0,"eval_loss":1.79841148853302,"eval/accuracy":0.6737451737451737,"_timestamp":1.7505396064906974e+09,"train/global_step":20710,"_runtime":7461.525792704,"eval/samples_per_second":0.914,"train/epoch":5,"train_loss":1.6222767979554196,"train_runtime":6891.9107,"eval_accuracy":0.6737451737451737,"eval_precision":0,"train/loss":1.901,"eval/recall":0,"train_steps_per_second":3.005,"eval_f1":0,"eval_steps_per_second":0.914,"eval/steps_per_second":0.914,"eval/runtime":566.812,"eval_recall":0,"eval/loss":1.79841148853302,"eval/precision":0,"train/grad_norm":0.048418980091810226,"_wandb":{"runtime":7461},"epoch":5,"eval_runtime":566.812}