{"validation_accuracy":0.6718146718146718,"validation_auc":0.5,"test_f1":0,"validation_f1":0,"_wandb":{"runtime":527},"test_accuracy":0.6737451737451737,"_step":1,"_runtime":527.986174678,"validation_recall":0,"test_auc":0.5,"test_precision":0,"test_recall":0,"validation_precision":0,"_timestamp":1.7505458454488077e+09}