{"test_auc":0.5,"validation_recall":0,"validation_auc":0.5,"validation_f1":0,"_runtime":752.410135335,"test_recall":0,"test_accuracy":0.6737451737451737,"validation_precision":0,"test_f1":0,"_step":1,"validation_accuracy":0.6718146718146718,"_wandb":{"runtime":752},"_timestamp":1.7505861000016327e+09,"test_precision":0}