{"train/global_step":13980,"train/learning_rate":1.7739628040057226e-06,"_timestamp":1.7478713317006855e+09,"train_loss":1.4624290891982967,"train/grad_norm":0.07884397357702255,"train_runtime":9004.1729,"train_steps_per_second":1.553,"_wandb":{"runtime":30967},"train_samples_per_second":1.553,"train/epoch":3,"_step":27,"train/loss":1.0848,"_runtime":9004.20499337,"total_flos":4.162664798355456e+16}