{"test_f1":0,"_runtime":543.79970575,"validation_precision":0,"validation_recall":0,"test_accuracy":0.6737451737451737,"test_precision":0,"validation_f1":0,"test_recall":0,"_wandb":{"runtime":543},"_step":1,"_timestamp":1.7505447744793785e+09,"validation_accuracy":0.6718146718146718,"test_auc":0.5,"validation_auc":0.5}