{"validation_auc":0.5,"test_precision":0,"_runtime":710.516659364,"validation_recall":0,"_timestamp":1.7505853423244135e+09,"test_recall":0,"test_accuracy":0.6737451737451737,"_wandb":{"runtime":710},"_step":1,"validation_accuracy":0.6718146718146718,"validation_precision":0,"validation_f1":0,"test_f1":0,"test_auc":0.5}