{"_wandb":{"runtime":529},"_timestamp":1.750584064226168e+09,"test_accuracy":0.6737451737451737,"validation_auc":0.5,"_step":1,"test_f1":0,"_runtime":529.744432591,"validation_accuracy":0.6718146718146718,"validation_precision":0,"test_auc":0.5,"validation_recall":0,"test_precision":0,"validation_f1":0,"test_recall":0}